社員ID,姓,セイ,family_name,名,メイ,first_name,性別,生年月日,入社日,所属部署,役職
END00037,荒井,アライ,Arai,明,ｱｷﾗ,akira,男,1978-10-09,1999-01-01,技術部企画・開発課,一般社員[技術部企画・開発課]
GAD00043,氏名:伊藤,イトウ,itou,俊二,シュンジ,shunji,男,1977-02-25,1998-01-01,総務部総務課,一般社員[総務部総務課]
END00062,氏名:斎藤,サイトウ,Saitou,ちえみ,チエミ,chiemi,女,1985-03-19,2008-04-01,技術部製造課,一般社員[技術部製造課]
PCD00066,金子,カネコ,kaneko,美佳,ミカ,tmika,女,1970-04-13,2009-04-01,購買部購買課,[購買部購買課]係長
END00089,門田,カドタ,Kadota,はじめ,ﾊｼﾞﾒ,hajime,男,1993-05-12,2016-04-01,技術部企画・開発課,一般社員[技術部企画・開発課]
PCD00123,氏名:安倍,アベ,Abe,隼士,シュンジ,shunji,男,1976-03-30,1999-01-01,購買部購買課,本部長
SLD00147,入江,イリエ,irie,彩,アヤ,aya,女,1980-11-08,2004-04-01,営業一部営業一課,一般社員[営業一部営業一課]
SLD00166,高畑,タカバタ,takabata,奈月,ナツキ,natsuki,女,1968-03-11,1990-10-01,営業二部営業二課,[営業二部営業二課]課長
END00188,岸,キシ,kishi,康文,ヤスフミ,yasufumi,男,1993-04-15,2016-10-01,技術部メンテナンス課,[技術部メンテナンス課]課長
GAD00250,足立,アダチ,adachi,薫,カオル,kaoru,男,1995-11-05,2016-11-01,総務部総務課,[総務部総務課]課長
END00343,若槻,ワカツキ,wakatsuki,エリカ,エリカ,erika,女,1970-12-19,1991-01-01,技術部製造課,一般社員[技術部製造課]
ITD00371,中田,ナカタ,nakata,貴美子,ｷﾐｺ,kimiko,女,1971-01-06,1992-11-01,IT部システム開発課,一般社員[IT部システム開発課]
END00390,畠中,ハタナカ,hatanaka,路子,ﾐﾁｺ,michiko,女,1983-11-06,2016-11-01,技術部製造課,一般社員[技術部製造課]
END00450,大田,オオタ,Oota,莉央,リオ,rio,女,1982-05-08,2016-10-01,技術部企画・開発課,一般社員[技術部企画・開発課]
GAD00491,金子,カネコ,Kaneko,里穂,リホ,riho,女,1976-11-24,2010-04-01,総務部総務課,[総務部]部長
FMD00534,仲村,ナカムラ,Nakamura,宏行,ﾋﾛﾕｷ,hiroyuki,男,1985-05-27,2006-04-01,財務部財務課,[財務部]部長
END00539,中沢,ナカザワ,nakazawa,美優,ミュウ,myuu,女,1981-06-09,2002-04-01,技術部製造課,一般社員[技術部製造課]
ITD00545,広末,ヒロスエ,hirosue,理紗,リサ,risa,女,1982-04-20,2003-04-01,IT部セキュリティ課,[IT部セキュリティ課]課長
PCD00619,氏名:小峰,コミネ,Komine,努,ﾂﾄﾑ,tsuitomu,男,1970-10-29,1992-04-01,購買部購買課,一般社員[購買部購買課]
END00627,氏名:川田,カワタ,kawata,美希,ﾐｷ,miki,女,1975-03-25,1998-04-01,技術部メンテナンス課,[技術部メンテナンス課]係長
ITD00636,長澤,ナガサワ,Nagasawa,みゆき,ミユキ,miyuki,女,1973-04-24,1997-01-01,IT部ITサポート課,[IT部ITサポート課]係長
FMD00684,鹿島,カシマ,Kashima,洋介,ヨウスケ,yousuke,男,1979-09-29,2011-04-01,財務部財務課,本部長
LAD00730,星野,ホシノ,hoshino,勤,ﾂﾄﾑ,tsutomu,男,1982-08-25,2005-04-01,法務部法務課,[法務部法務課]課長
ACD00764,横田,ヨコタ,yokota,真帆,マホ,maho,女,1970-02-22,2007-07-01,経理会計部会計課,一般社員[経理会計部会計課]
SLD00769,土谷,ツチヤ,tsuchiya,研二,ｹﾝｼﾞ,kenji,男,1977-07-03,2016-10-01,営業三部CS課,本部長
END00788,岡山,オカヤマ,okayama,季衣,ﾄｼｴ,toshie,女,1980-07-14,2001-04-01,技術部生産管理課,一般社員[技術部生産管理課]
SLD00863,氏名:長島,ナガシマ,Nagashima,サンタマリア,ｻﾝﾀﾏﾘｱ,stmaria,女,1978-02-25,2010-04-01,営業一部営業三課,[営業一部営業三課]課長
END00887,川井,カワイ,Kawai,有海,アミ,ami,女,1994-06-26,2016-10-01,技術部企画・開発課,一般社員[技術部企画・開発課]
END01006,本間,ホンマ,Honma,了,ﾘｮｳ,ryou,男,1985-01-16,2014-10-01,技術部生産管理課,一般社員[技術部生産管理課]
SLD01045,井手,イデ,ide,薫,ｶｵﾙ,kaoru,男,1979-04-13,2000-04-01,営業一部営業二課,[営業一部営業二課]係長
END01082,川井,カワイ,Kawai,英嗣,ﾋﾃﾞﾂｸﾞ,hidetsugu,男,1986-12-09,2007-10-01,技術部メンテナンス課,[技術部メンテナンス課]係長
SLD01083,玉城,タマキ,Tamaki,みゆき,ﾐﾕｷ,miyuki,女,1989-10-27,2016-04-01,営業一部営業二課,執行役員
SLD01095,氏名:岡野,オカノ,Okano,ちえみ,チエミ,chiemi,女,1974-04-07,2010-04-01,営業三部広告マーケティング課,[営業三部]次長
FMD01127,喜多,キタ,kita,ヒカル,ヒカル,hikaru,女,1995-05-07,2016-09-01,財務部財務課,派遣社員[財務部]
SLD01160,中尾,ナカオ,nakao,有海,アミ,ami,女,1979-06-18,2012-07-01,営業二部営業一課,[営業二部営業一課]係長
DXD01165,高瀬,タカセ,Takase,一,ハジメ,hajime,男,1969-01-17,1992-04-01,DX推進部人材育成課,[DX推進部人材育成課]係長
ITD01210,山本,ヤマモト,Yamamoto,翔子,ｼｮｳｺ,shouko,女,1980-05-30,2003-04-01,IT部インフラ課,一般社員[IT部インフラ課]
SLD01267,氏名:喜多,キタ,Kita,未來,ミライ,mirai,男,1981-01-30,2002-10-01,営業三部国際営業課,[営業三部]部長
END01270,堀田,ホッタ,hotta,なつみ,ナツミ,natsumi,女,1969-02-08,2003-08-01,技術部製造課,一般社員[技術部製造課]
ITD01453,氏名:伊沢,イザワ,Izawa,路子,ミチコ,michiko,女,1993-10-04,2016-10-01,IT部データアナリティクス課,[IT部データアナリティクス課]係長
END01455,小宮,コミヤ,Komiya,徹,トオル,tooru,男,1993-02-02,2016-04-01,技術部企画・開発課,一般社員[技術部企画・開発課]
GAD01484,合田,アイダ,Aida,季衣,ﾄｼｴ,toshie,女,1996-09-05,2016-04-01,総務部総務課,一般社員[総務部総務課]
SLD01490,氏名:志水,シミズ,shimizu,建,ｹﾝ,ken,男,1989-06-17,2016-04-01,営業三部CS課,[営業三部CS課]課長
END01684,横田,ヨコタ,yokota,宏行,ヒロユキ,hiroyuki,男,1970-06-06,2003-01-01,技術部企画・開発課,一般社員[技術部企画・開発課]
SLD01711,小畑,オバタ,obata,徹,トオル,tohru,男,1978-12-17,1999-04-01,営業一部営業一課,一般社員[営業一部営業一課]
DXD01745,氏名:神崎,カンザキ,Kannzaki,沙耶,ｻﾔ,saya,女,1972-10-26,2003-01-01,DX推進部インフラ課,[DX推進部インフラ課]係長
FMD01778,氏名:岩永,イワナガ,iwanaga,恵子,ケイコ,keiko,女,1990-11-16,2011-01-01,財務部財務課,[財務部]次長
GAD01784,北川,キタガワ,kitagawa,圭,ｹｲ,kei,男,1972-02-05,1993-04-01,総務部総務課,[総務部総務課]係長
ITD01815,益田,マスダ,Masuda,俊二,シュンジ,shunji,男,1986-07-24,2007-01-01,IT部システム開発課,[IT部システム開発課]課長
END01978,長瀬,ナガセ,Nagase,恭子,キョウコ,kyouko,女,1980-01-15,2004-04-01,技術部製造課,[技術部製造課]係長
END02018,高木,タカギ,takagi,六郎,ﾛｸﾛｳ,rokurou,男,1981-08-05,2002-04-01,技術部企画・開発課,一般社員[技術部企画・開発課]
END02089,河合,カワイ,kawai,那奈,ﾅﾅ,nana,女,1982-08-18,2003-03-01,技術部企画・開発課,本部長
END02134,永田,ナガタ,nagata,コウ,コウ,kou,女,1982-09-26,2003-10-01,技術部製造課,一般社員[技術部製造課]
END02234,高嶋,タカシマ,takashima,みき,ﾐｷ,miki,女,1982-12-12,2010-04-01,技術部メンテナンス課,派遣社員[技術部]
SLD02287,入江,イリエ,irie,恵子,ケイコ,keiko,女,1973-07-24,1994-04-01,営業一部営業三課,[営業一部]部長
END02302,豊島,トヨシマ,toyoshima,仁晶,ヒロアキ,hiroaki,男,1977-07-04,1998-01-01,技術部企画・開発課,一般社員[技術部企画・開発課]
ITD02303,氏名:庄司,ショウジ,shouji,愛,アイ,ai,女,1994-10-28,2016-04-01,IT部セキュリティ課,業務委託
SLD02322,坂井,サカイ,sakai,明,アキラ,akira,男,1981-02-08,2005-04-01,営業三部営業推進課,一般社員[営業三部営業推進課]
FMD02344,菊池,キクチ,kikuchi,勇,ﾕｳ,yuu2,女,1993-01-27,2014-12-01,財務部財務課,執行役員
END02356,氏名:本間,ホンマ,honma,由美子,ﾕﾐｺ,yumiko,女,1979-10-20,2016-04-01,技術部製造課,一般社員[技術部製造課]
END02380,氏名:山本,ヤマモト,yamamoto,建,ケン,ken,男,1982-03-29,2003-04-01,技術部企画・開発課,一般社員[技術部企画・開発課]
GAD02406,阪本,サカモト,sakamoto,育二,ｲｸｼﾞ,ikuji,男,1986-03-05,2009-04-01,総務部総務課,一般社員[総務部総務課]
END02460,松井,マツイ,matsui,真奈美,ﾏﾅﾐ,manami,女,1981-10-29,2002-04-01,技術部メンテナンス課,[技術部メンテナンス課]係長
END02500,竹内,タケウチ,Takeuchi,薫,ｶｵﾙ,kaoru,女,1983-09-04,2004-04-01,技術部生産管理課,一般社員[技術部生産管理課]
SLD02514,西井,ニシイ,nishii,光,ﾋｶﾙ,hikaru,女,1992-09-29,2015-04-01,営業一部営業二課,執行役員
END02530,氏名:藤澤,フジサワ,fujisawa,涼,リョウ,ryou,女,1996-12-07,2016-04-01,技術部製造課,一般社員[技術部製造課]
SLD02563,氏名:神崎,カンザキ,kannzaki,寛治,カンジ,kanji,男,1975-10-07,1997-03-01,営業二部営業一課,[営業二部営業一課]係長
ITD02610,安達,アダチ,Adachi,ケンイチ,ｹﾝｲﾁ,kenichi,男,1971-05-25,1992-10-01,IT部ITサポート課,一般社員[IT部ITサポート課]
GAD02617,太田,オオタ,oota,雅之,ﾏｻﾕｷ,masayuki,男,1974-10-31,2007-01-01,総務部総務課,一般社員[総務部総務課]
SLD02704,黄川田,キカワダ,Kikawada,みき,ミキ,miki,女,1978-01-21,2007-10-01,営業一部営業一課,一般社員[営業一部営業一課]
PCD02704,相川,アイカワ,Aikawa,誠治,ｾｲｼﾞ,seiji,男,1987-08-15,2014-04-01,購買部購買課,[購買部]部長
LAD02774,清水,シミズ,shimizu,瞬,ｼｭﾝ,shun,男,1985-05-08,2016-05-01,法務部法務課,[法務部]次長
SLD02791,仲田,ナカタ,nakata,由美子,ﾕﾐｺ,yumiko,女,1974-08-12,2007-04-01,営業三部営業推進課,[営業三部営業推進課]係長
DXD02830,斎藤,サイトウ,saitou,浩介,コウスケ,kousuke,男,1983-07-15,2004-04-01,DX推進部データマネジメント課,[DX推進部データマネジメント課]係長
END02857,本間,ホンマ,Honnma,宏行,ヒロユキ,hiroyuki,男,1969-05-30,2005-04-01,技術部製造課,一般社員[技術部製造課]
END02863,森口,モリグチ,moriguchi,かおり,ｶｵﾘ,kaori,女,1968-05-24,2003-04-01,技術部生産管理課,一般社員[技術部生産管理課]
END02905,西口,ニシグチ,Nishiguchi,莉沙,ﾘｻ,risa,女,1972-09-12,1993-04-01,技術部製造課,一般社員[技術部製造課]
ITD02909,西井,ニシイ,nishii,真奈美,マナミ,manami,女,1989-10-25,2010-04-01,IT部データアナリティクス課,業務委託
END02975,畠中,ハタナカ,hatanaka,莉沙,リサ,risra,女,1977-11-19,2010-04-01,技術部メンテナンス課,一般社員[技術部メンテナンス課]
END02977,秋元,アキモト,akimoto,沙耶,サヤ,saya,女,1995-03-19,2016-04-01,技術部製造課,一般社員[技術部製造課]
END02978,永田,ナガタ,Nagata,美智子,ﾐﾁｺ,michiko,女,1993-03-04,2014-04-01,技術部製造課,一般社員[技術部製造課]
SLD02989,永島,ナガシマ,Nagashima,瞬,シュン,shun,男,1969-10-27,1992-04-01,営業三部国際営業課,[営業三部国際営業課]課長
SLD03004,黄川田,キカワダ,kikawada,彩,アヤ,aya,女,1970-11-24,1994-04-01,営業二部営業一課,一般社員[営業二部営業一課]
SLD03050,氏名:上山,カミヤマ,Kamiyama,六郎,ロクロウ,rokurou,男,1983-10-11,2016-04-01,営業三部CS課,一般社員[営業三部CS課]
SLD03067,土居,ドイ,doi,勤,ツトム,tsutomu,男,1981-09-10,2002-04-01,営業一部営業二課,[営業一部営業二課]課長
SLD03084,氏名:相川,アイカワ,aikawa,良介,リョウスケ,ryousuke,男,1983-01-15,2005-08-01,営業一部営業一課,本部長
DXD03156,荒井,アライ,arai,兼,ｹﾝ,ken,男,1988-04-22,2016-04-01,DX推進部人材育成課,本部長
GAD03170,本田,ホンダ,honnda,広之,ヒロユキ,hiroyuki,男,1985-02-02,2008-12-01,総務部総務課,[総務部総務課]係長
ITD03209,岩井,イワイ,Iwai,奈月,ナツキ,natsuki,女,1975-11-26,1998-04-01,IT部システム開発課,[IT部システム開発課]係長
ITD03209,氏名:美輪,ミワ,miwa,仁晶,ヒロアキ,hiroaki,男,1985-07-27,2012-04-01,IT部セキュリティ課,一般社員[IT部セキュリティ課]
SLD03251,河野,コウノ,kouno,徹,ﾄｵﾙ,tohru,男,1971-11-23,1993-04-01,営業二部営業一課,[営業二部営業一課]課長
SLD03294,氏名:松元,マツモト,Matsumoto,照生,ﾃﾙｵ,teruo,男,1994-01-02,2016-04-01,営業一部営業三課,業務委託
END03415,氏名:斉藤,サイトウ,saitou,雅功,マサトシ,masatoshi,男,1993-02-16,2016-04-01,技術部製造課,[技術部製造課]課長
DXD03484,おかやま,オカヤマ,okayama,光良,テルヨシ,teruyoshci,男,1978-10-23,1999-04-01,DX推進部人材育成課,業務委託
ACD03503,山村,ヤマムラ,yamamura,優,ユウ,yuu,男,1968-09-25,1991-10-01,経理会計部会計課,[経理会計部会計課]課長
ACD03509,須賀,スガ,suga,仁晶,ヒロアキ,hiroaki,男,1993-01-20,2014-04-01,経理会計部経理課,一般社員[経理会計部経理課]
ACD03510,中田,ナカタ,nakata,瞳,ヒトミ,hitomi,女,1990-08-14,2013-04-01,経理会計部会計課,[経理会計部会計課]係長
SLD03541,島崎,シマザキ,shimazaki,優,ユウ,yuu,男,1972-06-10,1993-12-01,営業三部営業推進課,一般社員[営業三部営業推進課]
SLD03551,氏名:とよた,トヨタ,Toyota,建,ケン,ken,男,1988-11-12,2016-01-01,営業二部営業二課,一般社員[営業二部営業二課]
END03561,赤坂,アカサカ,akasaka,康文,ﾔｽﾌﾐ,yasufumi,男,1982-12-21,2003-04-01,技術部製造課,一般社員[技術部製造課]
END03573,田端,タバタ,tabata,紗季,サキ,saki,女,1984-09-12,2005-01-01,技術部メンテナンス課,一般社員[技術部メンテナンス課]
END03642,氏名:木戸,キド,kido,恵梨香,ｴﾘｶ,erika,女,1974-12-04,2006-04-01,技術部生産管理課,一般社員[技術部生産管理課]
ITD03701,国分,コクブン,kokubunn,佑,タスク,tasuku,男,1978-07-08,2000-04-01,IT部データアナリティクス課,一般社員[IT部データアナリティクス課]
END03807,氏名:中田,ナカタ,nakata,玲那,レナ,rena,女,1985-10-10,2012-06-01,技術部メンテナンス課,一般社員[技術部メンテナンス課]
SLD03807,藤山,フジヤマ,fujiyama,杏,アン,ann,女,1985-04-11,2012-11-01,営業一部営業三課,派遣社員[営業一部]
ITD03814,畑中,ハタナカ,hatanaka,祐一,ユウイチ,yuuichi,男,1972-07-03,1997-04-01,IT部セキュリティ課,[IT部セキュリティ課]係長
END03833,菊地,キクチ,kikuchi,光洋,ミツヒロ,mitsuhiro,男,1995-10-23,2016-01-01,技術部企画・開発課,一般社員[技術部企画・開発課]
GAD03858,横田,ヨコタ,Yokota,咲,サキ,saki,女,1974-02-07,2004-10-01,総務部総務課,一般社員[総務部総務課]
GAD03948,安部,アベ,Abe,恵梨香,ｴﾘｶ,erika,女,1971-03-14,2002-07-01,総務部総務課,[総務部]次長
END03991,本間,ホンマ,Honnma,建,ケン,ken,男,1970-04-03,2004-04-01,技術部製造課,業務委託
END04025,菅野,カンノ,Kanno,沙耶,サヤ,saya,女,1996-07-16,2016-09-01,技術部メンテナンス課,一般社員[技術部メンテナンス課]
SLD04036,紺野,コンノ,konno,真吾,シンゴ,shingo,男,1982-11-15,2005-01-01,営業一部営業一課,[営業一部営業一課]係長
SLD04066,瀬尾,セオ,seo,禄郎,ロクロウ,rokurou,男,1994-04-14,2016-04-01,営業二部営業一課,一般社員[営業二部営業一課]
ACD04109,仲村,ナカムラ,nakamura,将也,マサヤ,masaya,男,1991-12-11,2016-10-01,経理会計部会計課,[経理会計部会計課]係長
ACD04139,門田,カドタ,kadota,季衣,トシエ,toshie,女,1989-01-19,2010-04-01,経理会計部経理課,一般社員[経理会計部経理課]
SLD04192,吉井,ヨシイ,yoshii,真悠子,ﾏﾕｺ,mayuko,女,1971-02-06,1992-04-01,営業三部国際営業課,一般社員[営業三部国際営業課]
PCD04204,福永,フクナガ,fukunaga,孝太郎,ｺｳﾀﾛｳ,koutarou,男,1987-07-23,2009-10-01,購買部購買課,[購買部購買課]課長
ITD04259,西口,ニシグチ,nishiguchi,光博,ﾐﾂﾋﾛ,mitsuhiro,男,1983-12-22,2008-04-01,IT部システム開発課,一般社員[IT部システム開発課]
SLD04281,横田,ヨコタ,Yokota,咲,ｻｷ,saki,女,1969-01-02,1997-04-01,営業二部営業三課,[営業二部営業三課]係長
SLD04313,神崎,カンザキ,kanzaki,瞬,シュン,shun,女,1987-09-17,2008-04-01,営業二部営業一課,[営業二部営業一課]係長
GAD04343,富樫,トガシ,togashi,崇史,ﾀｶｼ,takashi,男,1987-06-29,2010-04-01,総務部総務課,一般社員[総務部総務課]
FMD04360,首藤,スドウ,Sudou,賢二,ケンジ,kkenji,男,1986-08-14,2007-04-01,財務部財務課,派遣社員[財務部]
SLD04396,畑中,ハタナカ,Hatanaka,さやか,サヤカ,sayaka,女,1975-06-16,2007-01-01,営業三部国際営業課,一般社員[営業三部国際営業課]
END04444,菅井,スガイ,sugai,智花,トモカ,tomoka,女,1996-03-03,2016-01-01,技術部製造課,一般社員[技術部製造課]
FMD04486,白石,シライシ,shiraishi,三省,サンセイ,sansei,男,1984-09-09,2005-04-01,財務部財務課,[財務部財務課]係長
END04547,須藤,スドウ,sudou,亮,リョウ,ryou,男,1977-04-05,2016-01-01,技術部製造課,一般社員[技術部製造課]
SLD04588,中田,ナカタ,nakata,健,ｹﾝ,ken,男,1985-09-09,2006-01-01,営業二部営業二課,本部長
END04604,守屋,モリヤ,Moriya,晃司,コウジ,kouji,男,1996-07-03,2016-09-01,技術部生産管理課,[技術部生産管理課]課長
SLD04625,豊島,トヨシマ,toyoshima,孝太郎,コウタロウ,koutarou,男,1972-06-22,1998-04-01,営業一部営業一課,[営業一部営業一課]係長
SLD04630,菊池,キクチ,Kikuchi,光良,ﾃﾙﾖｼ,teruyoshi,男,1972-11-02,1996-04-01,営業三部国際営業課,[営業三部国際営業課]係長
ITD04652,横田,ヨコタ,yokota,仁晶,ﾋﾛｱｷ,hiroaki,男,1987-02-14,2014-10-01,IT部システム開発課,一般社員[IT部システム開発課]
GAD04675,門田,カドタ,Kadota,美優,ミュウ,myuu,女,1993-06-17,2014-01-01,総務部総務課,一般社員[総務部総務課]
SLD04683,千田,センダ,Sennda,建,ｹﾝ,ken,男,1988-12-28,2009-04-01,営業二部営業二課,[営業二部営業二課]係長
SLD04768,斉藤,サイトウ,saitou,ヒカル,ヒカル,hikaru,女,1982-02-14,2006-04-01,営業一部営業一課,一般社員[営業一部営業一課]
GAD04846,志水,シミズ,shimizu,敦,ｱﾂｼ,atsushi,男,1986-04-28,2012-04-01,総務部総務課,一般社員[総務部総務課]
ITD04866,高崎,タカサキ,takasaki,勇一,ユウイチ,yuuichi,男,1972-10-07,1994-01-01,IT部システム開発課,一般社員[IT部システム開発課]
GAD04910,土居,ドイ,Doi,賢治,ケンジ,kenji,男,1975-09-03,1996-01-01,総務部総務課,派遣社員[総務部]
ITD04954,西村,ニシムラ,nishimura,慶二,ｹｲｼﾞ,keiji,男,1984-12-22,2005-04-01,IT部セキュリティ課,一般社員[IT部セキュリティ課]
SLD05013,三木,ミキ,miki,昴,スバル,subaru,男,1976-01-25,1997-01-01,営業二部営業二課,一般社員[営業二部営業二課]
SLD05057,坂本,サカモト,sakamoto,美希,ﾐｷ,miki,女,1983-05-14,2005-10-01,営業三部国際営業課,一般社員[営業三部国際営業課]
END05087,玉城,タマキ,Tamaki,勤,ツトム,tsutomu,男,1985-06-09,2008-06-01,技術部企画・開発課,一般社員[技術部企画・開発課]
ITD05120,氏名:久保田,クボタ,kubota,涼,ﾘｮｳ,ryou,女,1986-04-14,2012-04-01,IT部インフラ課,一般社員[IT部インフラ課]
ITD05132,澤田,サワダ,sawada,サンタマリア,サンタマリア,stmaria,男,1995-08-27,2016-04-01,IT部セキュリティ課,業務委託
END05176,斎藤,サイトウ,saitou,未來,ミライ,mirai,女,1978-05-22,2001-04-01,技術部企画・開発課,派遣社員[技術部]
GAD05183,吉川,ヨシカワ,Yoshikawa,耕司,コウジ,kouji,男,1975-09-12,2008-11-01,総務部総務課,一般社員[総務部総務課]
GAD05266,河野,カワノ,Kawano,精児,セイジ,seiji,男,1991-08-28,2013-04-01,総務部総務課,一般社員[総務部総務課]
SLD05267,萩原,ハギワラ,hagiwara,理紗,リサ,risa,女,1993-12-11,2014-04-01,営業二部営業二課,執行役員
END05267,氏名:寺島,テラジマ,terajima,雅彦,ﾏｻﾋｺ,masahiko,男,1976-05-11,2006-02-01,技術部企画・開発課,一般社員[技術部企画・開発課]
ITD05346,青野,アオノ,aono,洋介,ヨウスケ,yousuke,男,1971-06-15,2004-09-01,IT部データアナリティクス課,一般社員[IT部データアナリティクス課]
SLD05383,玉城,タマキ,tamaki,なつみ,ナツミ,natsumi,女,1977-08-27,2010-04-01,営業一部営業一課,[営業一部営業一課]課長
END05392,吉川,ヨシカワ,yoshikawa,将也,マサヤ,masaya,男,1981-05-02,2003-04-01,技術部メンテナンス課,一般社員[技術部メンテナンス課]
ACD05405,北村,キタムラ,kitamura,努,ツトム,tsutomu,男,1987-08-15,2016-01-01,経理会計部経理課,[経理会計部経理課]課長
SLD05462,川口,カワグチ,Kawaguchi,薫,ｶｵﾙ,kaoru,男,1995-04-19,2016-06-01,営業一部営業三課,[営業一部営業三課]係長
DXD05516,島崎,シマザキ,Shimazaki,広司,コウジ,kouji,男,1986-10-13,2012-01-01,DX推進部データマネジメント課,一般社員[DX推進部データマネジメント課]
ITD05558,河野,コウノ,kouno,努,ツトム,tsutomu,男,1995-03-21,2016-04-01,IT部データアナリティクス課,一般社員[IT部データアナリティクス課]
SLD05638,氏名:三輪,ミワ,Miwa,莉緒,ﾘｵ,rio,女,1974-06-09,1996-08-01,営業三部CS課,一般社員[営業三部CS課]
PCD05831,畠中,ハタナカ,Hatanaka,路子,ミチコ,michiko,女,1992-12-04,2016-04-01,購買部購買課,一般社員[購買部購買課]
GAD05908,氏名:河西,カワニシ,kawanishi,千佳子,チカコ,chikako,女,1971-02-02,1993-10-01,総務部総務課,一般社員[総務部総務課]
ITD05931,堀田,ホッタ,Hotta,雅功,マサトシ,masatoshi,男,1987-07-06,2008-04-01,IT部インフラ課,[IT部インフラ課]係長
ITD06019,北川,キタガワ,kitagawa,恵美,ﾒｸﾞﾐ,megumi,女,1969-09-04,1992-04-01,IT部ITサポート課,[IT部ITサポート課]係長
GAD06025,小玉,コダマ,kodama,路子,ミチコ,michiko,女,1975-03-01,1996-10-01,総務部総務課,一般社員[総務部総務課]
SLD06093,岡山,オカヤマ,okayama,広之,ヒロユキ,hiroyuki,男,1969-03-23,1992-04-01,営業三部広告マーケティング課,[営業三部広告マーケティング課]課長
ITD06104,氏名:秋元,アキモト,Akimoto,隼士,シュンジ,shunuji,男,1971-08-04,1998-04-01,IT部セキュリティ課,一般社員[IT部セキュリティ課]
SLD06121,福岡,フクオカ,fukuoka,浩介,コウスケ,kousuke,男,1991-01-16,2014-07-01,営業三部営業推進課,[営業三部営業推進課]係長
PCD06132,川野,カワノ,kawano,雅功,マサトシ,masatoshi,男,1994-12-07,2016-10-01,購買部購買課,[購買部購買課]係長
END06157,近藤,コンドウ,kondou,聡,サトシ,satoshi,男,1976-11-15,2001-04-01,技術部企画・開発課,[技術部企画・開発課]課長
FMD06164,神崎,カンザキ,kanzaki,隆,ﾀｶｼ,takashi,男,1986-02-09,2010-01-01,財務部財務課,一般社員[財務部財務課]
END06165,氏名:阪口,サカグチ,sakaguchi,三省,サンセイ,sansei,男,1985-08-08,2006-04-01,技術部製造課,一般社員[技術部製造課]
GAD06172,紺野,コンノ,konnno,孝太郎,ｺｳﾀﾛｳ,koutarou,男,1983-06-08,2016-04-01,総務部総務課,一般社員[総務部総務課]
ACD06200,塩谷,シオヤ,shioya,瞬,シュン,shun,男,1984-02-03,2008-05-01,経理会計部経理課,[経理会計部経理課]係長
SLD06322,氏名:首藤,スドウ,Sudou,敦,アツシ,atsushi,男,1985-01-15,2008-04-01,営業三部CS課,一般社員[営業三部CS課]
END06362,高畑,タカバタ,takabata,路子,ﾐﾁｺ,michiko,女,1984-07-02,2005-06-01,技術部生産管理課,[技術部生産管理課]係長
END06369,滝川,タキガワ,Takigawa,仁晶,ﾋﾛｱｷ,hiroaki,男,1973-06-12,2001-01-01,技術部企画・開発課,一般社員[技術部企画・開発課]
SLD06448,庄司,ショウジ,Shouji,真奈美,マナミ,manami,女,1977-02-05,2003-04-01,営業二部営業二課,一般社員[営業二部営業二課]
ITD06464,長島,ナガシマ,nagashima,咲,サキ,saki,女,1978-03-26,2000-04-01,IT部ITサポート課,[IT部ITサポート課]係長
ITD06490,紺野,コンノ,konno,未來,ミライ,mixrai,男,1995-12-08,2016-04-01,IT部ITサポート課,一般社員[IT部ITサポート課]
END06494,西村,ニシムラ,Nishimura,俊介,ｼｭﾝｽｹ,shunsuke,男,1985-05-23,2006-04-01,技術部メンテナンス課,派遣社員[技術部]
GAD06557,永島,ナガシマ,nagashima,窈,ヨウ,you,女,1977-05-23,1999-04-01,総務部総務課,一般社員[総務部総務課]
SLD06568,斉藤,サイトウ,saitou,徹,ﾄｵﾙ,tooru,男,1968-09-07,1991-04-01,営業三部国際営業課,[営業三部国際営業課]係長
GAD06573,北川,キタガワ,kitagawa,勇介,ﾕｳｽｹ,yuusuke,男,1971-05-05,1994-10-01,総務部総務課,一般社員[総務部総務課]
END06606,松元,マツモト,Matsumoto,光良,テルヨシ,teruyoshi,男,1969-06-01,1990-04-01,技術部製造課,一般社員[技術部製造課]
DXD06617,井手,イデ,ide,優,ユウ,yuu,女,1985-02-05,2008-01-01,DX推進部人材育成課,[DX推進部]部長
PCD06635,氏名:松居,マツイ,Matsui,栄一,エイイチ,eiichi,男,1994-08-15,2016-04-01,購買部購買課,[購買部]次長
SLD06639,氏名:秋本,アキモト,Akimoto,夏空,ｿﾗ,sora,女,1974-01-17,1997-04-01,営業二部営業二課,[営業二部営業二課]係長
ITD06695,井出,イデ,Ide,勤,ツトム,tsutomu,男,1976-07-23,1999-09-01,IT部データアナリティクス課,一般社員[IT部データアナリティクス課]
DXD06713,三船,ミフネ,Mifune,優,ﾕｳ,yuu,女,1977-10-05,2009-02-01,DX推進部インフラ課,[DX推進部]次長
ITD06727,氏名:福永,フクナガ,fukunaga,路子,ミチコ,michiko,女,1983-08-23,2006-01-01,IT部システム開発課,一般社員[IT部システム開発課]
END06737,氏名:大田,オオタ,oota,耕司,コウジ,kouji,男,1987-07-19,2008-06-01,技術部生産管理課,一般社員[技術部生産管理課]
END06744,氏名:塩谷,シオタニ,shiotani,徹,トオル,tohrou,男,1977-04-16,1999-04-01,技術部生産管理課,一般社員[技術部生産管理課]
SLD06770,水嶋,ミズシマ,mizushima,新太,アラタ,arata,男,1988-02-21,2016-10-01,営業二部営業二課,一般社員[営業二部営業二課]
FMD06813,寺島,テラジマ,terajima,将也,マサヤ,masaya,男,1971-03-02,2004-05-01,財務部財務課,[財務部財務課]係長
ACD06822,河合,カワイ,kawai,沙耶,ｻﾔ,saya,女,1979-02-26,2004-01-01,経理会計部会計課,本部長
ITD06856,三木,ミキ,miki,一輝,カズキ,kazuki,男,1982-12-21,2005-04-01,IT部インフラ課,[IT部]部長
END06892,玉城,タマキ,Tamaki,直人,ナオト,naoto,男,1979-12-18,2000-10-01,技術部製造課,一般社員[技術部製造課]
END06911,高畑,タカバタ,takabata,南朋,ナオ,nao,女,1981-09-11,2003-04-01,技術部生産管理課,一般社員[技術部生産管理課]
END06923,山西,ヤマニシ,yamanishi,はるか,ハルカ,haruka,女,1971-12-31,1993-04-01,技術部企画・開発課,一般社員[技術部企画・開発課]
GAD07011,山内,ヤマノウチ,yamanouchi,遥,ハルカ,haruka,女,1976-05-07,1997-04-01,総務部総務課,一般社員[総務部総務課]
END07020,河合,カワイ,Kawai,智花,ﾄﾓｶ,tomoka,女,1975-08-23,2011-04-01,技術部生産管理課,一般社員[技術部生産管理課]
END07028,中村,ナカムラ,Nakamura,窈,ﾖｳ,you,女,1968-10-08,1991-01-01,技術部生産管理課,一般社員[技術部生産管理課]
ACD07112,玉木,タマキ,Tamaki,咲,ｻｷ,sauki,女,1992-01-08,2013-04-01,経理会計部会計課,一般社員[経理会計部会計課]
GAD07118,氏名:秦,ハタ,hata,広之,ヒロユキ,hiroyuki,男,1987-07-19,2008-04-01,総務部総務課,執行役員
END07120,氏名:伊東,イトウ,itou,晋也,シンヤ,shinya,男,1993-11-02,2016-01-01,技術部生産管理課,一般社員[技術部生産管理課]
END07125,坂井,サカイ,sakai,莉沙,ﾘｻ,risa,女,1994-03-28,2016-07-01,技術部製造課,一般社員[技術部製造課]
ITD07127,ほしの,ホシノ,hoshino,雅功,ﾏｻﾄｼ,masatoshi,男,1990-01-09,2014-03-01,IT部ITサポート課,[IT部ITサポート課]課長
ITD07161,氏名:岡山,オカヤマ,okayama,莉央,リオ,rio,女,1976-06-26,1997-04-01,IT部システム開発課,一般社員[IT部システム開発課]
SLD07218,竹原,タケハラ,takehara,薫,カオル,kaoru,女,1984-01-09,2006-11-01,営業二部営業二課,[営業二部]次長
END07239,浜崎,ハマサキ,hamasaki,広司,コウジ,kouji,男,1976-10-29,1999-04-01,技術部製造課,[技術部製造課]係長
ITD07255,秋元,アキモト,akimoto,文世,フミヨ,fumiyo,女,1985-03-10,2008-01-01,IT部インフラ課,[IT部インフラ課]係長
SLD07257,神崎,カンザキ,kannzaki,菜摘,ナツミ,natsumi,女,1975-09-27,1998-04-01,営業一部営業三課,一般社員[営業一部営業三課]
END07376,磯部,イソベ,Isobe,宏行,ヒロユキ,hiroyuki,男,1984-03-18,2005-04-01,技術部生産管理課,[技術部生産管理課]係長
END07442,永井,ナガイ,nagai,優,ユウ,yuu,男,1993-09-03,2016-04-01,技術部企画・開発課,執行役員
SLD07443,哀川,アイカワ,Aikawa,恵梨香,エリカ,erika,女,1970-05-31,1991-03-01,営業三部CS課,[営業三部CS課]係長
END07509,井手,イデ,Ide,圭,ケイ,kei,男,1980-01-16,2016-04-01,技術部企画・開発課,一般社員[技術部企画・開発課]
ITD07519,氏名:砂川,スナカワ,sunakawa,将也,マサヤ,masaya,男,1973-04-15,1996-04-01,IT部インフラ課,一般社員[IT部インフラ課]
END07532,平良,ヒララ,Hirara,亮,ﾘｮｳ,ryou,男,1982-05-22,2005-04-01,技術部製造課,一般社員[技術部製造課]
LAD07546,氏名:金子,カネコ,Kaneko,淳,アツシ,atsushi,男,1996-08-19,2016-03-01,法務部法務課,[法務部]部長
END07724,福岡,フクオカ,fukuoka,みき,ミキ,miki,女,1979-05-14,2013-04-01,技術部製造課,一般社員[技術部製造課]
SLD07725,中沢,ナカザワ,nakazawa,勇太,ﾕｳﾀ,yuuta,男,1970-09-11,2001-01-01,営業三部営業推進課,[営業三部営業推進課]課長
ITD07757,斎藤,サイトウ,saitou,沙耶,ｻﾔ,saya,女,1975-06-03,1996-04-01,IT部インフラ課,[IT部インフラ課]課長
ACD07819,羽田,ハタ,hata,莉央,リオ,rio,女,1968-10-06,1990-10-01,経理会計部会計課,[経理会計部]次長
ITD07827,本多,ホンダ,honnda,恵美,メグミ,megumi,女,1983-03-18,2012-02-01,IT部データアナリティクス課,一般社員[IT部データアナリティクス課]
SLD07858,田端,タバタ,tabata,めぐみ,メグミ,megumi,女,1995-06-11,2016-06-01,営業二部営業一課,一般社員[営業二部営業一課]
ACD07879,河田,カワタ,kawata,徹平,テッペイ,teppei,男,1996-10-24,2016-04-01,経理会計部会計課,一般社員[経理会計部会計課]
GAD07908,岩井,イワイ,iwai,勇太,ﾕｳﾀ,yuuta,男,1970-08-30,1991-10-01,総務部総務課,一般社員[総務部総務課]
ITD07922,菊地,キクチ,kikuchi,雅功,マサトシ,masatoshi,男,1996-03-17,2016-04-01,IT部データアナリティクス課,[IT部データアナリティクス課]課長
ITD07935,緒形,オガタ,ogata,ちえみ,チエミ,chiemi,女,1996-09-29,2016-04-01,IT部データアナリティクス課,一般社員[IT部データアナリティクス課]
END07984,川口,カワグチ,kawaguchi,優,ﾕｳ,yuu,男,1992-05-15,2013-04-01,技術部製造課,一般社員[技術部製造課]
SLD07986,水島,ミズシマ,mizushima,恵美,メグミ,ymegumi,女,1984-02-13,2005-09-01,営業一部営業三課,一般社員[営業一部営業三課]
SLD07988,菊地,キクチ,kikuchi,景子,ケイコ,keiko,女,1984-02-08,2005-10-01,営業二部営業二課,一般社員[営業二部営業二課]
SLD08001,田端,タバタ,Tabata,雅彦,マサヒコ,masahiko,男,1982-02-02,2003-04-01,営業一部営業二課,一般社員[営業一部営業二課]
SLD08084,本多,ホンダ,honnda,憲一,ｹﾝｲﾁ,kenichi,男,1988-10-21,2016-04-01,営業一部営業一課,一般社員[営業一部営業一課]
SLD08094,高島,タカシマ,Takashima,勇太,ﾕｳﾀ,yuuta,男,1971-07-04,2010-10-01,営業一部営業一課,一般社員[営業一部営業一課]
GAD08116,河原,カワハラ,kawahara,窈,ヨウ,you,女,1979-06-26,2000-10-01,総務部総務課,本部長
DXD08132,羽田,ハタ,hata,璃子,リコ,riko,女,1985-08-08,2007-04-01,DX推進部インフラ課,[DX推進部インフラ課]課長
FMD08197,松澤,マツザワ,matsuzawa,雅之,マサユキ,masayuki,男,1977-03-27,1998-10-01,財務部財務課,[財務部財務課]課長
END08228,氏名:菅,スガ,suga,正敏,ﾏｻﾄｼ,masatoshi,男,1970-03-26,1992-04-01,技術部企画・開発課,[技術部企画・開発課]係長
SLD08232,川井,カワイ,Kawai,英嗣,ﾋﾃﾞﾂｸﾞ,hidetsugu,男,1973-10-23,2000-10-01,営業二部営業三課,[営業二部営業三課]課長
END08287,阿井,アイ,Ai,信吾,ｼﾝｺﾞ,shingo,男,1978-10-28,2016-04-01,技術部企画・開発課,一般社員[技術部企画・開発課]
GAD08308,上山,カミヤマ,kamiyama,亮,リョウ,ryou,男,1983-02-27,2006-04-01,総務部総務課,派遣社員[総務部]
ACD08368,豊島,トヨシマ,toyoshima,璃子,ﾘｺ,riko,女,1981-11-24,2014-04-01,経理会計部経理課,[経理会計部経理課]係長
ITD08382,瀬尾,セオ,seo,一,ﾊｼﾞﾒ,hajime,男,1970-09-07,1999-04-01,IT部インフラ課,一般社員[IT部インフラ課]
FMD08465,柳川,ヤナガワ,yanagawa,晋也,シンヤ,shinya,男,1988-01-17,2016-04-01,財務部財務課,一般社員[財務部財務課]
ITD08525,紺野,コンノ,konno,新太,ｱﾗﾀ,arata,男,1976-12-07,2009-03-01,IT部データアナリティクス課,一般社員[IT部データアナリティクス課]
SLD08585,相川,アイカワ,aikawa,晋也,シンヤ,shinya,男,1974-05-02,1995-04-01,営業三部営業推進課,一般社員[営業三部営業推進課]
ACD08604,神崎,カンザキ,kannzaki,昴,スバル,subaru,男,1984-01-20,2007-04-01,経理会計部経理課,[経理会計部]部長
ITD08616,塩谷,シオヤ,shioya,慶二,ケイジ,keiji,男,1992-06-28,2014-04-01,IT部セキュリティ課,一般社員[IT部セキュリティ課]
DXD08656,坂元,サカモト,sakamoto,恵美,メグミ,megumi,女,1969-04-22,1996-05-01,DX推進部人材育成課,一般社員[DX推進部人材育成課]
ITD08674,本田,ホンダ,honnda,研二,ケンジ,kenji,男,1991-09-09,2012-04-01,IT部セキュリティ課,[IT部セキュリティ課]係長
END08728,北村,キタムラ,kitamura,遥,ハルカ,haruka,女,1987-10-21,2011-04-01,技術部製造課,[技術部]次長
END08758,萩原,ハギワラ,hagiwara,亮介,ﾘｮｳｽｹ,ryousuke,男,1983-10-14,2016-10-01,技術部製造課,派遣社員[技術部]
ITD08761,滝川,タキガワ,Takigawa,さやか,ｻﾔｶ,sayaka,女,1969-02-13,2003-01-01,IT部システム開発課,一般社員[IT部システム開発課]
GAD08796,首藤,スドウ,Sudou,敏也,トシヤ,toshiya,男,1984-09-14,2016-05-01,総務部総務課,一般社員[総務部総務課]
ACD08822,氏名:永田,ナガタ,Nagata,サンタマリア,ｻﾝﾀﾏﾘｱ,stmaria,女,1980-05-29,2003-04-01,経理会計部経理課,一般社員[経理会計部経理課]
GAD08822,中田,ナカタ,nakata,ケンイチ,ｹﾝｲﾁ,kenichi,男,1978-07-25,2013-09-01,総務部総務課,[総務部総務課]係長
END08827,豊島,トヨシマ,Toyoshima,法子,ノリコ,noriko,女,1982-09-11,2012-04-01,技術部製造課,一般社員[技術部製造課]
ITD08845,本間,ホンマ,honnma,寛,ﾋﾛｼ,hiroshi,男,1974-08-06,1995-04-01,IT部システム開発課,派遣社員[IT部]
SLD08846,川合,カワイ,Kawai,早紀,サキ,saki,女,1994-10-15,2016-04-01,営業二部営業一課,[営業二部]部長
GAD08851,氏名:高嶋,タカシマ,takashima,真悠子,ﾏﾕｺ,mayuko,女,1988-03-31,2016-10-01,総務部総務課,一般社員[総務部総務課]
SLD08873,角田,カドタ,kadota,信吾,シンゴ,shingo,男,1978-07-25,2000-10-01,営業一部営業三課,[営業一部営業三課]係長
ITD08880,河原,カワハラ,kawahara,優,ﾕｳ,yuu,男,1987-11-13,2008-05-01,IT部セキュリティ課,[IT部]次長
END08890,笠井,カサイ,kasai,育二,イクジ,ikuji,男,1981-10-16,2003-04-01,技術部製造課,一般社員[技術部製造課]
END08913,岡野,オカノ,Okano,咲,サキ,saki,女,1973-02-06,2010-06-01,技術部生産管理課,[技術部]部長
GAD09002,高島,タカシマ,takashima,敦,アツシ,atsushi,男,1977-06-07,2009-10-01,総務部総務課,業務委託
END09015,大坂,オオサカ,oosaka,圭,ケイ,kei,男,1977-03-24,2000-04-01,技術部メンテナンス課,一般社員[技術部メンテナンス課]
GAD09030,少路,ショウジ,shouji,ひかり,ヒカリ,hikari,女,1991-06-15,2014-04-01,総務部総務課,一般社員[総務部総務課]
ACD09064,赤坂,アカサカ,Akasaka,惇,ｱﾂｼ,atsushi,男,1982-11-04,2012-10-01,経理会計部経理課,[経理会計部経理課]係長
ITD09081,鹿島,カシマ,kashima,仁晶,ヒロアキ,hiroaki,男,1977-12-16,1999-10-01,IT部セキュリティ課,一般社員[IT部セキュリティ課]
DXD09173,長沢,ナガサワ,nagasawa,聡,サトシ,satoshi,男,1971-07-02,1993-01-01,DX推進部データマネジメント課,[DX推進部データマネジメント課]課長
END09187,鹿島,カシマ,kashima,里穂,ﾘﾎ,riho,女,1988-09-16,2015-02-01,技術部生産管理課,一般社員[技術部生産管理課]
LAD09216,坂井,サカイ,Sakai,亜希,アキ,aki,女,1971-10-17,2007-04-01,法務部法務課,[法務部法務課]係長
SLD09222,島本,シマモト,shimamoto,季衣,トシエ,toshie,女,1975-11-22,2014-04-01,営業一部営業二課,[営業一部]次長
END09294,榎本,エノモト,enomoto,南朋,ナオ,nao,女,1995-01-25,2016-04-01,技術部企画・開発課,業務委託
ITD09342,井手,イデ,ide,薫,ｶｵﾙ,kaoru,男,1985-07-27,2008-09-01,IT部システム開発課,本部長
SLD09350,三木,ミキ,miki,三省,サンセイ,sansei,男,1969-06-04,1990-04-01,営業三部広告マーケティング課,[営業三部広告マーケティング課]係長
GAD09379,浅倉,アサクラ,asakura,雅之,マサユキ,masayuki,男,1982-09-20,2005-04-01,総務部総務課,一般社員[総務部総務課]
END09398,羽田,ハタ,Hata,佑,タスク,tasuku,男,1983-09-12,2016-04-01,技術部メンテナンス課,一般社員[技術部メンテナンス課]
END09410,藤澤,フジサワ,fujisawa,瞬,シュン,shun,女,1976-06-12,1998-03-01,技術部企画・開発課,一般社員[技術部企画・開発課]
FMD09438,小椋,オグラ,ogura,雄太,ユウタ,yuuta,男,1974-05-16,2011-04-01,財務部財務課,一般社員[財務部財務課]
ITD09456,高崎,タカサキ,Takasaki,徹,トオル,tooru,男,1970-01-04,1993-04-01,IT部インフラ課,一般社員[IT部インフラ課]
END09458,安藤,アンドウ,anndou,友香,ﾄﾓｶ,tomoka,女,1994-08-08,2015-04-01,技術部企画・開発課,[技術部企画・開発課]係長
END09487,氏名:上山,カミヤマ,Kamiyama,亮,リョウ,ryou,男,1968-05-06,2000-04-01,技術部企画・開発課,派遣社員[技術部]
ITD09524,小玉,コダマ,kodama,薫,ｶｵﾙ,kaoru,男,1984-01-16,2014-07-01,IT部データアナリティクス課,[IT部データアナリティクス課]係長
ITD09542,益田,マスダ,masuda,優,ユウ,yuu,男,1995-08-21,2016-04-01,IT部データアナリティクス課,一般社員[IT部データアナリティクス課]
DXD09578,阿井,アイ,Ai,美優,ミュウ,myuu,女,1972-04-05,1993-10-01,DX推進部人材育成課,[DX推進部人材育成課]課長
SLD09618,川合,カワイ,Kawai,美智子,ミチコ,michiko,女,1987-01-24,2015-04-01,営業二部営業二課,一般社員[営業二部営業二課]
END09634,岸,キシ,kishi,美里,ミリ,miri,女,1989-03-12,2012-04-01,技術部生産管理課,一般社員[技術部生産管理課]
SLD09751,江崎,エザキ,ezaki,薫,カオル,kaoru,女,1989-12-27,2010-04-01,営業二部営業三課,[営業二部営業三課]係長
SLD09928,沢田,サワダ,sawada,宏行,ヒロユキ,hiroyuki,男,1985-06-06,2012-10-01,営業二部営業一課,一般社員[営業二部営業一課]
END09973,坂口,サカグチ,sakaguchi,耕司,ｺｳｼﾞ,kouji,男,1973-04-25,1996-04-01,技術部製造課,一般社員[技術部製造課]
SLD09973,荻原,ハギワラ,hagiwara,亮,ﾘｮｳ,ryou,男,1971-10-10,2007-04-01,営業三部CS課,一般社員[営業三部CS課]
ITD09998,緒形,オガタ,ogata,ちえみ,ﾁｴﾐ,chiemi,女,1970-06-13,1998-01-01,IT部インフラ課,一般社員[IT部インフラ課]
